{
  "ALE/Adventure-v5": {
    "mean": 0.0,
    "std": 0.0
  },
  "ALE/AirRaid-v5": {
    "mean": 609.25,
    "std": 449.78682450689905
  },
  "ALE/Alien-v5": {
    "mean": 195.5,
    "std": 92.06926740232052
  },
  "ALE/Amidar-v5": {
    "mean": 2.47,
    "std": 2.984811551840417
  },
  "ALE/Assault-v5": {
    "mean": 235.2,
    "std": 72.86727660616938
  },
  "ALE/Asterix-v5": {
    "mean": 260.5,
    "std": 154.3202838255555
  },
  "ALE/Asteroids-v5": {
    "mean": 892.2,
    "std": 392.12135876536996
  },
  "ALE/Atlantis-v5": {
    "mean": 16322.0,
    "std": 4847.217346065679
  },
  "ALE/Atlantis2-v5": {
    "mean": 107.52,
    "std": 39.806652710319675
  },
  "ALE/Backgammon-v5": {
    "mean": 0.0,
    "std": 0.0
  },
  "ALE/BankHeist-v5": {
    "mean": 14.4,
    "std": 9.830564581955606
  },
  "ALE/BasicMath-v5": {
    "mean": 0.11,
    "std": 0.34336569426778796
  },
  "ALE/BattleZone-v5": {
    "mean": 2570.0,
    "std": 3108.874394374916
  },
  "ALE/BeamRider-v5": {
    "mean": 352.96,
    "std": 139.22772137760495
  },
  "ALE/Berzerk-v5": {
    "mean": 160.6,
    "std": 112.85229284334459
  },
  "ALE/Blackjack-v5": {
    "mean": -200.0,
    "std": 0.0
  },
  "ALE/Bowling-v5": {
    "mean": 22.83,
    "std": 5.184698641194105
  },
  "ALE/Boxing-v5": {
    "mean": 0.82,
    "std": 5.31672831730191
  },
  "ALE/Breakout-v5": {
    "mean": 1.21,
    "std": 1.3288717018583847
  },
  "ALE/Carnival-v5": {
    "mean": 717.8,
    "std": 342.99731777376917
  },
  "ALE/Casino-v5": {
    "mean": -989.8,
    "std": 1.4000000000000001
  },
  "ALE/Centipede-v5": {
    "mean": 2306.05,
    "std": 1223.3135442314044
  },
  "ALE/ChopperCommand-v5": {
    "mean": 831.0,
    "std": 280.2481043646861
  },
  "ALE/CrazyClimber-v5": {
    "mean": 8159.0,
    "std": 2069.2073361555626
  },
  "ALE/Crossbow-v5": {
    "mean": 26.5,
    "std": 78.8844091059824
  },
  "ALE/Darkchambers-v5": {
    "mean": 154.1,
    "std": 117.44866963912362
  },
  "ALE/Defender-v5": {
    "mean": 3400.0,
    "std": 1344.7862283649397
  },
  "ALE/DemonAttack-v5": {
    "mean": 162.85,
    "std": 120.34794348055974
  },
  "ALE/DonkeyKong-v5": {
    "mean": 153.0,
    "std": 122.02868515230344
  },
  "ALE/DoubleDunk-v5": {
    "mean": -18.1,
    "std": 3.266496594212215
  },
  "ALE/Earthworld-v5": {
    "mean": 0.0,
    "std": 0.0
  },
  "ALE/ElevatorAction-v5": {
    "mean": 4889.0,
    "std": 13406.132141673079
  },
  "ALE/Enduro-v5": {
    "mean": 0.0,
    "std": 0.0
  },
  "ALE/Entombed-v5": {
    "mean": 2.89,
    "std": 0.31288975694324034
  },
  "ALE/Et-v5": {
    "mean": 98.0,
    "std": 325.0292294548292
  },
  "ALE/FishingDerby-v5": {
    "mean": -93.45,
    "std": 3.634212431875716
  },
  "ALE/FlagCapture-v5": {
    "mean": 0.0,
    "std": 0.0
  },
  "ALE/Freeway-v5": {
    "mean": 0.0,
    "std": 0.0
  },
  "ALE/Frogger-v5": {
    "mean": 8.8,
    "std": 1.9078784028338913
  },
  "ALE/Frostbite-v5": {
    "mean": 72.5,
    "std": 41.53010955921017
  },
  "ALE/Galaxian-v5": {
    "mean": 837.5,
    "std": 398.38266779567607
  },
  "ALE/Gopher-v5": {
    "mean": 322.6,
    "std": 224.7782017901202
  },
  "ALE/Gravitar-v5": {
    "mean": 174.5,
    "std": 204.75534181065947
  },
  "ALE/Hangman-v5": {
    "mean": -1.0,
    "std": 0.0
  },
  "ALE/HauntedHouse-v5": {
    "mean": -23.49,
    "std": 6.670074962097503
  },
  "ALE/Hero-v5": {
    "mean": 745.25,
    "std": 1034.671777666715
  },
  "ALE/HumanCannonball-v5": {
    "mean": 0.86,
    "std": 0.8368990381163071
  },
  "ALE/IceHockey-v5": {
    "mean": -9.86,
    "std": 3.0952221245009217
  },
  "ALE/Jamesbond-v5": {
    "mean": 24.0,
    "std": 40.29888335921977
  },
  "ALE/JourneyEscape-v5": {
    "mean": -21480.0,
    "std": 7776.194442013394
  },
  "ALE/Kaboom-v5": {
    "mean": 2.6,
    "std": 2.630589287593181
  },
  "ALE/Kangaroo-v5": {
    "mean": 38.0,
    "std": 88.06815542521599
  },
  "ALE/KeystoneKapers-v5": {
    "mean": 56.0,
    "std": 44.87761134463375
  },
  "ALE/KingKong-v5": {
    "mean": 123.75,
    "std": 121.52031723131734
  },
  "ALE/Klax-v5": {
    "mean": 1.55,
    "std": 2.8892040426387338
  },
  "ALE/Koolaid-v5": {
    "mean": 43.0,
    "std": 85.15280382935138
  },
  "ALE/Krull-v5": {
    "mean": 1658.6,
    "std": 584.0616748255272
  },
  "ALE/KungFuMaster-v5": {
    "mean": 455.0,
    "std": 340.4041715373065
  },
  "ALE/LaserGates-v5": {
    "mean": 197.65,
    "std": 336.4041133815103
  },
  "ALE/LostLuggage-v5": {
    "mean": 27.87,
    "std": 15.025747901518912
  },
  "ALE/MarioBros-v5": {
    "mean": 240.0,
    "std": 582.4087911424415
  },
  "ALE/MiniatureGolf-v5": {
    "mean": 0.0,
    "std": 0.0
  },
  "ALE/MontezumaRevenge-v5": {
    "mean": 0.0,
    "std": 0.0
  },
  "ALE/MrDo-v5": {
    "mean": 2440.0,
    "std": 1218.7288459702593
  },
  "ALE/MsPacman-v5": {
    "mean": 256.8,
    "std": 92.56219530672337
  },
  "ALE/NameThisGame-v5": {
    "mean": 2346.8,
    "std": 921.326087766975
  },
  "ALE/Othello-v5": {
    "mean": -17.47,
    "std": 18.466973222485596
  },
  "ALE/Pacman-v5": {
    "mean": 15.51,
    "std": 5.29432715271733
  },
  "ALE/Phoenix-v5": {
    "mean": 743.8,
    "std": 620.7169725406258
  },
  "ALE/Pitfall-v5": {
    "mean": -265.4,
    "std": 425.39654441473783
  },
  "ALE/Pitfall2-v5": {
    "mean": -4000.0,
    "std": 0.0
  },
  "ALE/Pong-v5": {
    "mean": -20.25,
    "std": 0.7533259586659682
  },
  "ALE/Pooyan-v5": {
    "mean": 470.65,
    "std": 228.70139374302028
  },
  "ALE/PrivateEye-v5": {
    "mean": 16.63,
    "std": 239.87499473684207
  },
  "ALE/Qbert-v5": {
    "mean": 164.0,
    "std": 155.4557814942886
  },
  "ALE/Riverraid-v5": {
    "mean": 1454.1,
    "std": 337.491022102811
  },
  "ALE/RoadRunner-v5": {
    "mean": 7.0,
    "std": 25.514701644346147
  },
  "ALE/Robotank-v5": {
    "mean": 2.42,
    "std": 1.795438665062107
  },
  "ALE/Seaquest-v5": {
    "mean": 81.4,
    "std": 71.34451625738309
  },
  "ALE/SirLancelot-v5": {
    "mean": 8391.8,
    "std": 7226.289418505185
  },
  "ALE/Skiing-v5": {
    "mean": -16175.25,
    "std": 1785.109976303981
  },
  "ALE/Solaris-v5": {
    "mean": 2250.4,
    "std": 1717.2966662752249
  },
  "ALE/SpaceInvaders-v5": {
    "mean": 157.45,
    "std": 106.94974287019113
  },
  "ALE/SpaceWar-v5": {
    "mean": 0.61,
    "std": 0.7732399368889323
  },
  "ALE/StarGunner-v5": {
    "mean": 680.0,
    "std": 354.400902933387
  },
  "ALE/Superman-v5": {
    "mean": 0.0,
    "std": 0.0
  },
  "ALE/Surround-v5": {
    "mean": -9.98,
    "std": 0.13999999999999999
  },
  "ALE/Tennis-v5": {
    "mean": -23.92,
    "std": 0.2712931993250107
  },
  "ALE/Tetris-v5": {
    "mean": 0.03,
    "std": 0.17058722109231983
  },
  "ALE/TicTacToe3D-v5": {
    "mean": -1.0,
    "std": 0.0
  },
  "ALE/TimePilot-v5": {
    "mean": 3428.0,
    "std": 2040.1019582364015
  },
  "ALE/Trondead-v5": {
    "mean": 12.0,
    "std": 12.489995996796797
  },
  "ALE/Turmoil-v5": {
    "mean": 412.9,
    "std": 327.8301236921342
  },
  "ALE/Tutankham-v5": {
    "mean": 12.97,
    "std": 16.149585133990286
  },
  "ALE/UpNDown-v5": {
    "mean": 418.9,
    "std": 409.5751335225321
  },
  "ALE/Venture-v5": {
    "mean": 0.0,
    "std": 0.0
  },
  "ALE/VideoCheckers-v5": {
    "mean": -0.87,
    "std": 0.33630343441600474
  },
  "ALE/VideoChess-v5": {
    "mean": 0.0,
    "std": 0.0
  },
  "ALE/VideoCube-v5": {
    "mean": 0.0,
    "std": 0.0
  },
  "ALE/VideoPinball-v5": {
    "mean": 24739.12,
    "std": 23878.309352330623
  },
  "ALE/WizardOfWor-v5": {
    "mean": 700.0,
    "std": 647.7653896280659
  },
  "ALE/WordZapper-v5": {
    "mean": 0.48,
    "std": 0.4995998398718718
  },
  "ALE/YarsRevenge-v5": {
    "mean": 3505.91,
    "std": 983.970589956834
  },
  "ALE/Zaxxon-v5": {
    "mean": 12.0,
    "std": 62.0966987850401
  },
  "Acrobot-v1": {
    "mean": -499.86,
    "std": 1.392982411949268
  },
  "Ant-v5": {
    "mean": -66.08809191856814,
    "std": 108.0815442966325
  },
  "BipedalWalker-v3": {
    "mean": -102.68536376953125,